[
  {
    "0": "چ",
    "1": "ج",
    "2": "ح",
    "3": "خ",
    "4": "ه",
    "5": "ع",
    "6": "غ",
    "7": "ف",
    "8": "ق",
    "9": "ث",
    "10": "ص",
    "11": "ض"
  },
  {
    "0": "گ",
    "1": "ک",
    "2": "م",
    "3": "ن",
    "4": "ت",
    "5": "ا",
    "6": "ل",
    "7": "ب",
    "8": "ی",
    "9": "س",
    "10": "ش"
  },
  {
    "0": "و",
    "1": "پ",
    "2": "د",
    "3": "ذ",
    "4": "ر",
    "5": "ز",
    "6": "ژ",
    "7": "ط",
    "8": "ظ"
  }
]