[
  {
    "0": "0",
    "1": "1",
    "2": "2",
    "3": "3",
    "4": "4",
    "5": "5",
    "6": "6",
    "7": "7",
    "8": "8",
    "9": "9",
    "10": "Ö",
    "11": "Ü",
    "12": "Ó"
  },
  {
    "0": "Q",
    "1": "W",
    "2": "E",
    "3": "R",
    "4": "T",
    "5": "Z",
    "6": "U",
    "7": "I",
    "8": "O",
    "9": "P",
    "10": "Ő",
    "11": "Ú"
  },
  {
    "0": "A",
    "1": "S",
    "2": "D",
    "3": "F",
    "4": "G",
    "5": "H",
    "6": "J",
    "7": "K",
    "8": "L",
    "9": "É",
    "10": "Á",
    "11": "Ű"
  },
  {
    "0": "Í",
    "1": "Y",
    "2": "X",
    "3": "C",
    "4": "V",
    "5": "B",
    "6": "N",
    "7": "M"
  }
]
