[
  {
    "0": "د",
    "1": "ج",
    "2": "ح",
    "3": "خ",
    "4": "ه",
    "5": "ع",
    "6": "غ",
    "7": "ف",
    "8": "ق",
    "9": "ث",
    "10": "ص",
    "11": "ض"
  },
  {
    "0": "ط",
    "1": "ك",
    "2": "م",
    "3": "ن",
    "4": "ت",
    "5": "ا",
    "6": "ل",
    "7": "ب",
    "8": "ي",
    "9": "س",
    "10": "ش"
  },
  {
    "0": "ظ",
    "1": "ز",
    "2": "و",
    "3": "ة",
    "4": "ى",
    "5": "لا",
    "6": "ر",
    "7": "ؤ",
    "8": "ء",
    "9": "ئ"
  }
]