[
  {
    "0": "Й",
    "1": "Ц",
    "2": "У",
    "3": "К",
    "4": "Е",
    "5": "Н",
    "6": "Г",
    "7": "Ш",
    "8": "Щ",
    "9": "З",
    "10": "Х",
    "11": "Ъ"
  },
  {
    "0": "Ф",
    "1": "Ы",
    "2": "В",
    "3": "А",
    "4": "П",
    "5": "Р",
    "6": "О",
    "7": "Л",
    "8": "Д",
    "9": "Ж",
    "10": "Э"
  },
  {
    "0": "Я",
    "1": "Ч",
    "2": "С",
    "3": "М",
    "4": "И",
    "5": "Т",
    "6": "Ь",
    "7": "Б",
    "8": "Ю",
    "9": "Ё"
  }
]